index,eventId,status,code,start,end,latencyMs
0,8b547b46-7a8f-4af0-8dfa-25ec0ffe9711,202,,0.00048096799991981243,0.16090137699984552,160.4204089999257
1,9b54bd3f-9561-42f1-a7ec-3339bd12bf34,202,,0.050416155999755574,0.16063476899989837,110.2186130001428
2,6fcafb33-c80f-4704-b0a0-4f569aef1a47,202,,0.10183103800000026,0.1605595659998471,58.72852799984685
3,dabec43a-6658-419b-b91f-03f292aae2db,202,,0.1522362359996805,0.19027424399973825,38.038008000057744
4,9a0b0c04-130a-4f66-97eb-006fd21c0703,202,,0.20032254499983537,0.22564575999967929,25.323214999843913
5,5890b14a-d2e7-468f-9b1c-db4509e17e0f,202,,0.2519133719997626,0.27056073399990055,18.647362000137946
6,1afc6208-439d-4d1d-9e52-713c4f484266,202,,0.3003791959999944,0.31575139699998545,15.372200999991037
7,d2190034-a3b0-4e2c-abb2-6e527075a8f9,202,,0.35143368399985775,0.3646584839998468,13.224799999989045
8,b0831917-4f32-47b7-9657-03bd4dae3af3,202,,0.4027884009997251,0.41638188499973694,13.593484000011813
9,5ead616c-90c7-4fa1-907f-272f7cc3bced,202,,0.4504137389999414,0.4670341489995735,16.620409999632102
10,5a3218f4-71ab-439d-980b-3b6efd4e9fd0,202,,0.5005369539999265,0.5224136449996877,21.876690999761195
11,cd67102d-a1b6-4b6b-9c4e-5978c3cd9631,202,,0.5516631869995763,0.5651474279998183,13.484241000242037
12,fc8d6f7e-72e3-4aa2-aa4a-2fe398ed0bab,202,,0.6006210609998561,0.6187721219998821,18.151061000025948
13,fab70315-c770-41ec-ad1e-44889c6c5fa2,202,,0.6552248579996558,0.6721932460000062,16.968388000350387
14,a2f52f4d-20b5-4571-9631-9b9bb133754b,202,,0.701099935000002,0.7214369349999288,20.336999999926775
15,0ec04394-1e6c-4a4f-ab50-f7b5ebe7087f,202,,0.750578275999942,0.7694976609996047,18.919384999662725
16,afae9bad-006d-4786-ba43-6c419959b811,202,,0.8009000189999824,0.8337933639995754,32.893344999592955
17,efd23d4d-c41b-4333-9892-2692c9eed9d5,202,,0.8522768609996092,0.8770546539999486,24.777793000339443
18,978ce849-f883-4e35-873f-090fb282bd1b,202,,0.900246008999602,0.9252893259999837,25.04331700038165
19,d3c5287d-9d01-4fc7-80fb-1a6dad46a660,202,,0.9503132689997074,0.9673193209996498,17.00605199994243
20,b4890638-3d6c-4c9e-aa4a-cda860e6a254,202,,1.0002817029999278,1.0277780259998508,27.496322999922995
21,5f4564e2-d065-425a-8d9a-e008de6f9242,202,,1.0507813099998202,1.0825142299995605,31.73291999974026
22,3534a67b-e430-43a6-9d3f-1f6d3227a96f,202,,1.1002155699998184,1.1174432749999141,17.22770500009574
23,be2e2e83-3767-4ebc-8eac-ede194cf5049,202,,1.150251207999645,1.1700357859999713,19.78457800032629
24,63ec2167-aa9b-4f64-8d5f-9c3e765282f5,202,,1.2016871699997864,1.22143245999996,19.745290000173554
25,9ce926e6-6ccf-404f-805f-475e16cb1f79,202,,1.2510195199997725,1.2678705399998762,16.851020000103745
26,a611c4a6-a1a0-4be6-9c59-272f15899f27,202,,1.302409066999644,1.3189356079997197,16.526541000075667
27,9e3c88c8-ca64-4651-86dc-bedb704de9dd,202,,1.353892065999844,1.3696492829999443,15.757217000100354
28,3d90a9a0-b738-40b0-ae32-5a8613b86202,202,,1.4014274499995736,1.4151975889999449,13.770139000371273
29,ecb9f76c-9955-4b07-a960-3a8969d076f7,202,,1.455216172999826,2.265601246999722,810.3850739998961
30,65831eb1-29ed-4d5e-a0ee-efd446f2097a,202,,1.5003842119999717,2.2691437639996366,768.7595519996648
31,56892fbd-5b34-4c84-b4bd-bee308c0420a,202,,1.5506967459996304,2.2776609139996253,726.964167999995
32,44d00106-bd44-4ccf-bc60-09ac737822ce,202,,1.6018695579996347,2.2904759069997453,688.6063490001106
33,506f2275-198e-498d-acbc-07e013130e69,202,,1.6525196539996614,2.2995217719999346,647.0021180002732
34,9a155912-f4be-4e04-bf1d-09eb7957936e,202,,1.701430154999798,2.314099731999704,612.669576999906
35,c61e0958-ffdf-4c57-b130-f1ce9a5e3bf9,202,,1.7510178199995607,2.3242471079997813,573.2292880002205
36,80b80524-287d-48b5-a2c8-4b9aa49f413f,202,,1.8045205629996417,2.344787510999595,540.2669479999531
37,c6f89ceb-7152-42b9-96d5-1918ffd08fe1,202,,1.8545225339998979,2.35216152699968,497.6389929997822
38,62f4a4e9-f3e5-4436-95bf-f255a48e8107,202,,1.900532808999742,2.3734970439995777,472.96423499983575
39,6aa8745e-e2b4-4076-86ff-8af1e45c615b,202,,1.95129489799956,2.3823482139996486,431.05331600008867
40,09a23d8d-905b-4a23-af9b-31995a657dc5,202,,2.0096590289999767,2.402361983999981,392.7029550000043
41,7259f12a-265b-4629-8b62-e21f136c775d,202,,2.0512283039997783,2.4255223399995884,374.29403599981015
42,4cf9528b-a2af-4d1f-9070-5daf88c8242b,202,,2.1006232319996343,2.433009765999941,332.3865340003067
43,65a232b3-d1c6-4ada-8008-1fb5bcab16e8,202,,2.1527762289997554,2.4453337489999285,292.5575200001731
44,a54705ad-9b7d-4a7f-833e-db797dbbf7ad,202,,2.200530597999659,2.4633491089998643,262.81851100020504
45,75a1fb42-d9f3-4ca6-9d29-7dabb4090221,202,,2.250534692999736,2.47806572699983,227.53103400009422
46,9f2ab057-8e09-46f4-87fd-7a5b3c12e595,202,,2.300256515000001,2.483810182999605,183.55366799960393
47,faf61dfb-8451-4332-994e-106e6a4ad4f4,202,,2.3504124749997573,2.488440712999818,138.0282380000608
48,6d3aa1ea-2e96-4939-8df5-8aaae0cb70c2,202,,2.400559393999629,2.4905050769998525,89.94568300022365
49,f17caa75-7805-40f1-8aa1-859a8fe9656c,202,,2.4505487399997037,2.496167955999681,45.619215999977314
50,550504e5-7d4c-4d7f-abc4-3c3c3f924f3d,202,,2.5005297119996612,2.5175568449999446,17.027133000283357
51,64bfcaaf-6498-4a40-a58a-877e6aa4760e,202,,2.550345026999821,2.5732033609997416,22.858333999920433
52,b1b20fb1-c44d-49e0-ba07-33c6957bf575,202,,2.60037457899989,2.6282967889997053,27.922209999815095
53,dccf33e5-4377-4e2f-aae1-0077ffa58b07,202,,2.650442044999636,2.679748871999891,29.306827000254998
54,34717815-7313-41d9-9fb6-bc8ef8742d52,202,,2.700270733999787,2.721926438999617,21.65570499983005
55,545cf092-66e3-4583-b6ac-5a78240a83b0,202,,2.752467310999691,2.7709514729999682,18.484162000277138
56,be329983-d0a4-4fd2-aa6a-26648061d7f1,202,,2.8046895519996724,2.817554457999904,12.864906000231713
57,fb403462-4a07-4252-969d-391e79eab088,202,,2.853162121999958,2.869870942999569,16.708820999610907
58,b816b84c-0803-43cb-9297-79f1602c9d3a,202,,2.9019381729999623,2.9230745359996035,21.13636299964128
59,fbbee869-70fb-461a-9a65-ff3b93182311,202,,2.9503045829997063,2.9630822869999065,12.777704000200174
60,d797425a-1cbb-4886-9396-c036020d9060,202,,3.001116458999604,3.017446970999572,16.33051199996771
61,ba65a6c3-cfd7-4eef-b8cf-ca26d745ba2c,202,,3.050430848999895,3.064393182999993,13.962334000098053
62,a4f66c16-dd94-430b-a616-851224d217fb,202,,3.1021590389996163,3.115617822999866,13.45878400024958
63,d80520c6-291c-488c-8fcf-6d4b66ad1cf1,202,,3.150634609000008,3.1667912159996376,16.15660699962973
64,b7bd4afa-011e-4aeb-b24d-ed3b053c3a16,202,,3.20350418299995,3.2426981949997753,39.19401199982531
65,5122ef69-9651-4371-a295-d0fbce23a83a,202,,3.250766289999774,3.2889697829996294,38.20349299985537
66,9df10c1c-8b7d-4abc-8a49-19315a976cf4,202,,3.303108062999854,3.326125010999931,23.01694800007681
67,0176f98c-9348-4244-8af9-11f09d9a200c,202,,3.351343772999826,3.3635412639996503,12.197490999824367
68,06dcde14-fa56-440a-8cbf-b9eaf2a2659f,202,,3.402627365999706,3.440405594999902,37.778229000196006
69,b14ca63b-11a5-4943-994f-aeec7a69ad06,202,,3.4505088070000056,3.474931245999869,24.422438999863516
70,616b9a21-7a16-45f7-b28c-d682cea5f159,202,,3.500312954999572,3.5255734219999795,25.260467000407516
71,6f33e2bb-6d94-47f9-9800-14d37919079e,202,,3.5502168049997636,3.5747921089996453,24.575303999881726
72,42b41133-9083-48e0-9e50-9aa019bfb898,202,,3.6003553069999725,3.623373920999711,23.01861399973859
73,01cc51a7-c71c-4232-ad3c-678d42cb1c38,202,,3.650198535999607,3.6728072599998995,22.60872400029257
74,f16e8688-4e8f-4e77-9d3e-ace7e11bee58,202,,3.7004006579995803,3.7176364429997193,17.235785000139003
75,9e7a9fc4-a052-4071-a3c6-3cca18acda76,202,,3.750466205999601,3.792917627999941,42.451422000340244
76,41d1b8a1-a4b1-4d9a-8547-ab4606cdfbd4,202,,3.8004077609998603,3.819376891999582,18.96913099972153
77,55e68d49-39c5-4720-9020-053b22dfff76,202,,3.8512320089998866,3.8654719499995736,14.23994099968695
78,389a1959-a031-4211-913e-fbed7e120b33,202,,3.9015284999995856,3.925157365999894,23.628866000308335
79,5257d33f-a759-4e61-8af3-adb2203f2a3f,202,,3.954352199999903,3.9778273679999074,23.475168000004487
80,4a65efde-3124-4c37-8f97-02d2f9d98e3a,202,,4.0022662639999,4.016541952999887,14.275688999987324
81,467f3312-5df9-4418-88c6-d9b6b2e25580,202,,4.052224027999728,4.06484565799974,12.621630000012374
82,e62545f6-60f0-4147-a499-46623f07de11,202,,4.100515816999632,4.11535405099994,14.838234000308148
83,50dff9de-4a4e-4f8a-b9f3-c66adf534d50,202,,4.151562049999939,4.171027688999857,19.465638999918156
84,7435f54e-ea61-475c-8312-11b7a3467f0a,202,,4.203809912999986,4.220336244999999,16.52633200001219
85,2af32696-ceed-4208-a50a-20a791f32df4,202,,4.2553167819996816,4.269721418999779,14.404637000097864
86,c7e3f303-2266-4ca5-bd6b-2bcf2825600d,202,,4.300896580999961,4.316146662999927,15.250081999965914
87,6c43ab4d-eb66-4ad4-be13-f5064464a89e,202,,4.3503754989997105,4.368279656999675,17.90415799996481
88,2b4f7754-a1b6-48d5-9eea-2320cfcf422b,202,,4.400462501999755,4.4165063239997835,16.04382200002874
89,75f8c916-f207-418d-b67a-57a2cbaba8e2,202,,4.4503893909995895,4.47501819099989,24.628800000300544
90,71a4e964-bac8-46bb-b945-22050e01ed8c,202,,4.501400416999786,4.520515786999567,19.11536999978125
91,dc92f8ee-6405-4296-a8bc-91a5c34ee4be,202,,4.550502525999946,4.5753317299995615,24.829203999615856
92,7e000862-c678-4de0-a0c7-6a7c66b047ec,202,,4.602686891999838,4.626461705999645,23.77481399980752
93,34ea3520-cbfd-4baf-9e84-eb6798381d9b,202,,4.650257809999857,4.668702057999781,18.44424799992339
94,5619d63c-111f-4f09-8a8f-ceb7feb7d2e7,202,,4.700478595999812,4.721656997999617,21.17840199980492
95,3475c44b-3996-4c27-839a-9cef8d9b9b9a,202,,4.750207164999665,4.77134877699973,21.141612000064924
96,ec6c1510-137a-4dfb-8d51-1d639cb6efdc,202,,4.803436461999809,4.8248006419999,21.364180000091437
97,a7e52ae0-3e82-4fc9-b7e4-ac004fcb270a,202,,4.850480330999744,4.862852768999801,12.372438000056718
98,976ed891-4808-489e-807c-1a993dd85745,202,,4.900260854999942,4.912491801999749,12.230946999807202
99,8b85cf9f-75b9-4a7c-8732-277b08e991d8,202,,4.951206176999676,4.965494863999993,14.288687000316713
100,df5942fb-aeab-44c2-be21-1389d87becc8,202,,5.000845375999688,5.027958886999841,27.113511000152357
101,766a567b-b534-4fb3-befd-a1514b5c9ea2,202,,5.050197468999613,5.069395166999584,19.197697999970842
102,a106a861-e22f-48c5-872b-99c36476c316,202,,5.10364041899993,5.12180785099963,18.167431999700057
103,327abccb-4718-4e25-9916-7336a7306cda,202,,5.15112234299977,5.167782248999629,16.659905999858893
104,2e50527c-2695-43fc-ae96-f296ef2ff02d,202,,5.202519134999875,5.22307211899988,20.55298400000538
105,b334decd-5f5d-4a31-a0eb-6336b57893bf,202,,5.251172480999685,5.275661955999567,24.489474999882077
106,cec6f606-75f4-4d46-b17f-48b67bdc3521,202,,5.305210764999629,5.3376870069996585,32.47624200002974
107,b5c3c85d-5d5f-4ef4-a673-e768b8e7f35b,202,,5.3503538829995705,5.36832199499986,17.968112000289693
108,783df64e-71eb-40d6-9ef7-dd923fe8405b,202,,5.401256331999775,5.415738171999692,14.481839999916701
109,95f369d7-5571-4ef0-bf3d-0de52b3217ed,202,,5.452586792999682,5.468896179999774,16.3093870000921
110,9ca9026f-a738-4ff3-b8ed-fdd7426f6cd7,202,,5.500723630999801,5.531441279999854,30.717649000052916
111,9bdaf2df-b735-4aa1-ac53-fa6cd05fa6af,202,,5.550314248999712,5.575302233000002,24.987984000290453
112,f138652a-5932-437a-8982-0fe3ab81db2f,202,,5.600429540999812,5.616973745999985,16.54420500017295
113,fdde95d8-7c4a-4738-8767-6abf428a8c50,202,,5.650261642999794,5.668497485999978,18.235843000184104
114,44f340df-f22b-4aa1-8939-19f1a3595d9f,202,,5.700281023999651,5.731064709999828,30.783686000177113
115,d4ac0934-ad99-4ea4-ae11-8a73c1999777,202,,5.750344651999967,5.77758952899967,27.244876999702683
116,7ca9f812-99f3-4a58-b8c6-7aa734eb4f7f,202,,5.8009090389996345,5.8169546099998115,16.045571000177006
117,66e32bf5-3f53-4b3a-800d-67cd766871d1,202,,5.850304544999744,5.863063831999625,12.759286999880715
118,79661b89-80bd-4f8f-b7d5-7f3599521937,202,,5.901348358999712,5.918907246999879,17.558888000166917
119,18578f5a-bdc6-4a65-94e1-2bba5709e7c4,202,,5.95367846299996,5.969948393999857,16.269930999897042
120,a0d063f4-89f8-40a6-8140-d354b388d948,202,,6.0006333369997265,6.0199564429999555,19.323106000229018
121,efc9c4a0-b3ca-4609-ad56-fbba22bbdeab,202,,6.052231780999591,6.067893335999997,15.661555000406224
122,9239ebb8-ba59-4aee-9653-57e0ad7fbd00,202,,6.101072530999772,6.114096092999716,13.023561999943922
123,ae673dfa-0a10-4ab1-bb91-4f59fd72eafc,202,,6.150638900999638,6.173423903999719,22.785003000080906
124,bc0b2e7a-43fc-432a-8a28-4b692656870d,202,,6.202720146999582,6.216853884999637,14.133738000055018
125,43154c44-35f3-47ec-8f51-6aeb36dd9ad4,202,,6.250603458999649,6.269426387999829,18.82292900018001
126,eaa89b99-6bee-4ced-ae18-4280827b2a87,202,,6.304488292999849,6.319642504999592,15.154211999742984
127,5705a9ae-f27b-4509-9837-5637a63d5304,202,,6.350312947999555,6.36798020399965,17.66725600009522
128,5b117ce9-2213-472a-b48d-87ff7eb481f5,202,,6.400718510999923,6.422585323999556,21.86681299963311
129,bfa198a3-d881-42e6-b27f-8f173a89cbca,202,,6.4514773419996345,6.467857265999555,16.37992399992072
130,a4a28440-506e-40df-8f1e-a9f9e594573e,202,,6.501116954999816,6.522191611999915,21.07465700009925
131,edfdfa7b-a8f2-4970-b86f-69db61d61d54,202,,6.550317554999765,6.58420053699956,33.88298199979545
132,7dba5349-dfb4-49d0-9dc7-0b1a58a8a8cb,202,,6.601018764999935,6.625535195999873,24.516430999938166
133,fbfff5cc-0822-44f5-9c31-720987bb9e65,202,,6.65033214999994,6.67074059999959,20.408449999649747
134,d737324c-f962-418b-bb23-6ba2ad6215f7,202,,6.700291241999821,6.736886919999961,36.59567800013974
135,144d2073-f096-49e3-ab0d-29ac168c5f66,202,,6.7502954560000035,6.773931318999985,23.635862999981327
136,a23b6b5c-2a64-4e2c-9d09-8f4229864a5f,202,,6.80089892199976,6.846434804999717,45.53588299995681
137,226a738a-c181-4f41-97ab-1a73c7100e58,202,,6.850273343999561,6.9643000179999035,114.02667400034261
138,e497d34c-a569-44e1-b73a-5d1ece4edeac,202,,6.914897596999708,6.9851709379995555,70.27334099984728
139,b6e74714-5a37-4895-81af-0c5373deb45d,202,,6.950469384999906,6.987014107999585,36.544722999678925
140,1b59b604-fe14-42f0-9392-e36fb6ce8a5f,202,,7.00231664499961,7.0156305199998314,13.313875000221742
141,69f43540-b599-4584-a63e-824d75f7247e,202,,7.05047618799972,7.067556857,17.08066900027916
142,795da7e4-5c6d-4aa1-b197-41b20009968d,202,,7.100284331999774,7.119900708999921,19.616377000147622
143,af851744-dd90-40e4-a32c-5140181d8ab8,202,,7.152394865999668,7.172454588999699,20.059723000031227
144,eabb5b08-8760-459f-beda-bafbbfa3e80e,202,,7.201745830999698,7.221766181999556,20.020350999857328
145,6e786393-20d6-435f-b7f2-157c8f682d09,202,,7.251022508999995,8.352988350999567,1101.9658419995721
146,0736651b-8e94-409c-ac3a-47a20f3ba912,202,,7.301707717999761,8.360871290999967,1059.1635730002054
147,38561bc8-c277-4cf2-bea9-3a1ec1b8bfcb,202,,7.35190062699985,8.380021197999667,1028.1205709998176
148,09ad06d5-875d-4bd4-adb7-f4041e68b5a7,202,,7.401061602999562,8.397244189999583,996.1825870000212
149,40aa6e12-cd3e-4157-ac65-e6c6e0715a35,202,,7.452093955999771,8.414167909999833,962.0739540000613
150,788a342f-6da1-4524-8374-1d4ce8c194cd,202,,7.500404363999678,8.425121355999636,924.7169919999578
151,2a07ca51-f579-418e-b78e-8a766820cb1e,202,,7.556473718999769,8.43708861099958,880.6148919998122
152,b2109606-1485-413d-8c98-8ec0ada3ca82,202,,7.640272667999852,8.471024336999562,830.7516689997101
153,526d1866-e3cd-4b6b-97cf-8e56088d29a9,202,,7.651332315999753,8.473155571999996,821.8232560002434
154,65d20f9e-3b37-4171-893c-e635c81d4c8d,202,,7.701364818999991,8.532827772999553,831.4629539995622
155,bc710037-8746-4bca-89b0-1aeb7a18c798,202,,7.750391553999634,8.57695045399987,826.5589000002365
156,053e1357-765a-48e3-b586-d90ff7c04a78,202,,7.8033938199996555,8.620383763999598,816.9899439999426
157,fd50f1b9-cf9e-40c6-af8b-d4e9e1b130bb,202,,7.852350017999925,8.637460473999909,785.110455999984
158,22931d8f-e75b-44ec-b217-bbebd727a5fc,202,,7.9046115819996885,8.658143529999961,753.5319480002727
159,7e24a29f-243b-427d-97e8-a8a8e0129694,202,,7.952115250999668,8.680202912999903,728.0876620002346
160,bfb324ac-0ca3-416a-bab4-bef4cdeeef26,202,,8.008303639999667,8.695980041999974,687.6764020003066
161,5acd109d-56cc-4742-93f7-5172d5ca69d8,202,,8.05239707499959,8.702098763999857,649.7016890002669
162,a5cedd18-4dbd-4ce7-88ca-7216e428e355,202,,8.10282938399996,8.720368812999823,617.5394289998621
163,a9f686cf-2354-4b6a-8f8e-e609a61e9c7a,202,,8.152798890999748,8.732297402999848,579.4985120001002
164,76083c89-9f50-4f41-8eae-0a76f2f3b7d7,202,,8.202586200999576,8.738185182999587,535.5989820000104
165,b1929498-cd1f-4b13-a4e9-d1f7e9004548,202,,8.275738430999809,8.745757185000002,470.01875400019344
166,198ae73e-d332-4964-aab0-fdf9130561cf,202,,8.300969688999885,8.777893362999748,476.92367399986324
167,cd22660e-cd96-435a-b73a-317ad5b5bf24,202,,8.350876655999855,8.783948005999719,433.07134999986374
168,1e3e15a2-920c-40a5-b0fd-27188d494562,202,,8.401108060999832,8.795774561999679,394.6665009998469
169,61a069c2-f68b-450a-96c1-afd1a8bc7c8f,202,,8.451255720999598,8.80290959199965,351.6538710000532
170,f2091001-1409-47c9-a7a3-b4037667c9bb,202,,8.504719245999695,8.824400095999863,319.680850000168
171,1e1b016a-a7bc-4be9-8f7c-f6108a48e903,202,,8.550431989999652,8.833076524999797,282.64453500014497
172,02acda02-f6fb-4b65-8791-fcb4a2a9f6f9,202,,8.60040974399999,8.8408754699999,240.46572599991123
173,523604e9-9a4d-411d-97cb-aa5c4be51f09,202,,8.657741639999585,8.84841276599991,190.67112600032488
174,5ffac892-b587-4d76-acc8-534db5919aff,202,,8.701786034999714,8.864117816999624,162.33178199991016
175,e4aca1fc-264a-41a3-aa7f-3d4413e2d17b,202,,8.750656861999687,8.868281667999781,117.6248060000944
176,418c38a6-362f-48c5-82d0-b1837dd1b3f1,202,,8.800377466999635,8.875179921999916,74.80245500028104
177,29483789-49b0-4cfe-93ff-4ca53dcf422c,202,,8.852061859999594,8.889429068999561,37.36720899996726
178,956b36af-6db0-4198-b480-5bf65852e507,202,,8.90041238799995,8.919371473999945,18.959085999995295
179,809d8f4b-5ccd-4dff-8107-4f519d9f28f4,202,,8.950621626999691,9.009732072999668,59.110445999976946
180,3f33a1f6-2558-435e-817b-6495b2c54e29,202,,9.001392871000007,9.037189349999608,35.79647899960037
181,31991ea2-e18e-4a13-88d2-17cd71cba863,202,,9.050211076999858,9.086498690999633,36.2876139997752
182,4512d98a-0c20-4cc3-8781-c6f612158bf2,202,,9.1015824899996,9.121758870999656,20.1763810000557
183,46653072-9c4b-460e-ab02-4d8b039b0a7e,202,,9.151544745999672,9.195211748999554,43.66700299988224
184,825f425c-74d4-45c9-9753-83aab3cf9c17,202,,9.20063055899982,9.221881577999739,21.251018999919324
185,19aa4d34-8297-4aeb-928b-f207e0a02754,202,,9.255375165999794,9.281515571,26.140405000205647
186,e26bf466-4855-42cf-9f0b-f470d4379d57,202,,9.302673802999834,9.320936267999969,18.262465000134398
187,bea0d78d-6bc3-4e2c-b655-fd44c9b18be4,202,,9.351492465999854,9.37424059399973,22.748127999875578
188,a55cf404-42f6-4b80-baad-7eba3f5c96bd,202,,9.401909898999747,9.41806812699997,16.158228000222152
189,7d71c437-8473-4be2-9d1d-fcef9fb85c81,202,,9.451566089999687,9.48246776499991,30.901675000222895
190,d9fe2cf1-e89c-401b-bdba-16cb47f1b01e,202,,9.503312767999887,9.904721022999638,401.4082549997511
191,96f64379-365e-4fb3-9acd-aa7abeab8797,202,,9.57202095599996,9.904058190999876,332.0372349999161
192,8d94e9c0-40a7-456f-8ba0-259a27718ea2,202,,9.615722662999815,10.070614523999666,454.8918609998509
193,a3f76076-1d63-40e0-9d40-18a69c76d06f,202,,9.653174531999866,10.0288124409999,375.6379090000337
194,240884ba-9f74-4327-ab9d-8289631c41c8,202,,9.71164893499963,10.093527848999656,381.87891400002627
195,83012ed0-a906-47a6-8986-f12c7f888eb9,202,,9.751258078999854,10.106453623999641,355.19554499978767
196,aa132c88-1eb6-45f5-8e19-6c01b6175e5f,202,,9.801485273999788,10.175462582999899,373.97730900011084
197,84334d6a-7e5d-44f4-a03e-f251d9fd3215,202,,9.851933620999716,10.190562755999963,338.6291350002466
198,9248308e-a720-4ab3-8743-f0cbbee82e04,202,,9.901084219999575,10.278403223999703,377.3190040001282
199,fd8a8d2e-88b9-4c1a-b210-8d9e9031e815,202,,9.950834321999992,10.297501050999927,346.666728999935
200,6c41d446-a6fd-4bdb-9738-e1294600dc07,202,,10.00387578999971,10.312629637999635,308.7538479999239
201,b869aab6-18ea-4c76-b778-ffa326a4d78f,202,,10.053558395999971,10.329591520999656,276.03312499968524
202,da92feb4-d130-4f92-8c8e-2b93e9da921c,202,,10.104063030999896,10.39470165199964,290.6386209997436
203,0c5a36b2-8491-4f4d-a914-1a7a857df7eb,202,,10.151219677999961,10.405420737999975,254.20106000001397
204,da38cda1-e1fe-440c-a90c-a69204babdee,202,,10.201180223999927,10.456635491999805,255.45526799987783
205,84a790bd-d749-4301-b865-386d9da9efab,202,,10.250356570999884,10.510213047999969,259.85647700008485
206,2d7d2cea-a34d-415f-8a7a-e9bd25020f72,202,,10.301698149000003,10.52745578799977,225.75763899976664
207,51dc1d0f-3967-4ccf-b7e6-bb85e9564a1a,202,,10.350380277999648,10.5626939269996,212.31364899995242
208,8b8c65b4-eb48-4aab-82e8-7da31cf8d8b2,202,,10.401380295999843,10.57335301699959,171.97272099974725
209,a5dbb958-1f69-4900-802c-37e7648e8bb2,202,,10.458549990999927,10.57485679299998,116.30680200005372
210,230bef46-b128-4961-b70d-08eb0d909816,202,,10.504077785999925,10.5825725349996,78.4947489996739
211,98f491cd-26da-45b3-830c-0c2e801c9285,202,,10.550695632999577,10.589022401999955,38.32676900037768
212,dc24f868-28aa-4b9f-b720-dd04675f33f1,202,,10.600442066999676,10.621469557999717,21.027491000040754
213,aab94f75-501e-4df3-9256-ef83dfc0e0b6,202,,10.650296743999661,10.666000292999797,15.703549000136263
214,0952f888-044e-494b-a791-ce2acf68749b,202,,10.70114877099968,10.720567617999677,19.418846999997186
215,a84691fd-77b5-4a41-ad0e-084f5ab27448,202,,10.752226158999747,10.792199402999813,39.97324400006619
216,dd787c3f-ecfb-4724-a15b-1b64e9483481,202,,10.800701425999705,10.820876597999813,20.175172000108432
217,e3ce809e-d52e-4d89-b1af-693843d13937,202,,10.850331408999864,10.8760303009999,25.69889200003672
218,71fd116c-99fd-4678-83f2-1591d9c32d11,202,,10.900382280999565,10.925401383999997,25.01910300043164
219,9ac6001b-95bb-473d-b4a7-d4a750508489,202,,10.950387489999684,10.97221805199979,21.830562000104692
220,a9777369-31f6-44ac-b666-74e14b9515a9,202,,11.00024399899985,11.018885521999891,18.64152300004207
221,469c9290-7490-442a-bb7e-3a14a61150e1,202,,11.0503924059999,11.06610762199989,15.715215999989596
222,d4027172-1afa-449f-85f5-e18570a8ff1b,202,,11.10053481399973,11.145559724999657,45.02491099992767
223,ddef8584-0235-4167-b485-4063b25d8132,202,,11.150324119999823,11.17154247299959,21.218352999767376
224,9dc6a92f-0431-4dfe-91db-f0ac8469ff7f,202,,11.200443653999628,11.220451127999695,20.007474000067305
225,f01a982a-dda5-4ca7-9a3a-20600a2f2933,202,,11.250396322999677,11.338630803999877,88.2344810001996
226,b97cc161-9c96-403f-810f-e34f527cb655,202,,11.300546186999782,11.373861316999864,73.31513000008272
227,6f24871e-b978-40de-8725-b3fa12508e30,202,,11.350994114999594,11.384466243999668,33.47212900007435
228,55c7e5cc-d1ef-42cc-a147-e7efeb78c894,202,,11.400702550000005,11.42159009099987,20.88754099986545
229,d0caf6a6-d744-4a66-9265-5279125b02de,202,,11.45040177699957,11.473829191999812,23.427415000242036
230,1b40f064-6219-4504-a73a-0b0f64602878,202,,11.500483311999687,11.527315085999817,26.83177400012937
231,baf0c361-012d-48eb-b50a-af5cf615e514,202,,11.5530577239997,11.570993751999595,17.936027999894577
232,ea297459-0136-42a9-83db-cdb801d92e70,202,,11.603772300999935,11.619858866999948,16.08656600001268
233,e5e7760c-6a75-40a9-8008-61e336282f37,202,,11.650649755999893,11.675611570000001,24.96181400010755
234,6a30deca-4dde-4fd7-98c4-74123edfeb91,202,,11.700474349999695,11.715823255999567,15.348905999871931
235,c3a52160-c2ed-4c0d-9b9f-04efef166d97,202,,11.75182288499991,11.7778406299999,26.0177449999901
236,434df7e8-7d01-43d0-975e-008f789df7a0,202,,11.801400660999661,11.848223160999623,46.82249999996202
237,24c4e718-7108-455a-8e77-1334ce20227a,202,,11.851251419999699,11.87334988199973,22.09846200003085
238,2515cbc4-fecf-4343-a8bf-109e68da0244,202,,11.901081596999575,11.92920611999989,28.124523000315094
239,09581082-093a-478f-9f0a-df4bedc6f69a,202,,11.950913189999937,11.97126526699958,20.35207699964303
240,34f9d54f-18d7-4908-be85-4e20a5b30ed4,202,,12.001750008999807,12.04150830699973,39.75829799992425
241,d0c91b93-d8ee-41a5-9bd0-4d24899b52c8,202,,12.050408387999596,12.08055965199992,30.151264000323863
242,46639a3d-05b0-45e0-8f3b-56446d4da3ba,202,,12.102743024999654,12.132309618999898,29.56659400024364
243,80db1ecb-fcec-417b-87fb-a36a5e1cc92b,202,,12.152057735999733,12.306889785999829,154.83205000009548
244,03e2b478-c4a0-41d5-9f06-5ff4eea00e63,202,,12.206944162999662,12.427027829999588,220.0836669999262
245,e75c6ce6-38d0-4ef9-8f83-47a27535a3fa,202,,12.250886267999704,12.465450464999776,214.56419700007245
246,7f1e82ae-9cac-4b72-aa2d-0c23a6be4a2c,202,,12.304085303999727,12.486098645999846,182.01334200011843
247,f9fafde4-1666-41e7-b561-a88b23960a66,202,,12.350483705999977,12.527467670999613,176.98396499963565
248,be09622b-db91-42c4-b76e-0964949d8190,202,,12.400359002999721,12.541648360999716,141.28935799999454
249,1030f7b5-ab14-481d-bedc-5aa4bac8f791,202,,12.452165256999706,12.545564894999643,93.39963799993711
250,02497941-495b-416d-b62d-9fe72d33767b,202,,12.502198793999924,12.687568372999976,185.3695790000529
251,a9dcfdb2-e10e-4ced-ba1d-975e95e701ca,202,,12.550477820999731,12.795949731999826,245.47191100009513
252,3fbd1a2d-08f9-4d31-9e80-0df3901dcdc7,202,,12.623174656999709,12.847252060999836,224.077404000127
253,d4143bd4-718b-4473-9b2d-dba0901f1043,202,,12.651546620999852,12.850955191999674,199.40857099982168
254,24c32525-fa1b-4eea-bdee-32ee31cfed4c,202,,12.703840925999884,12.927179877999606,223.33895199972176
255,12c5940f-903b-44ef-9e37-04a1fbe56e32,202,,12.7512044719997,12.904684484999962,153.48001300026226
256,20516a6b-f34e-4288-a62d-e956030789d7,202,,12.800865199999862,12.97451455099963,173.6493509997672
257,4367ac37-7081-4a15-a92e-afb6458390e1,202,,12.850299901999733,12.976911726999788,126.61182500005452
258,c0d035b4-01e5-4b48-91db-7cbdd6605736,202,,12.901392868999665,12.987350163999963,85.95729500029847
259,22d2348b-9ed8-4499-81fa-bb17e508549c,202,,12.95114829899967,13.008974447999663,57.826148999993165
260,c05470ae-a8cf-4c28-a678-3fa5edf12dfc,202,,13.005921439999838,13.052653027999895,46.731588000056945
261,57e05e22-8f87-4b7a-b321-aa60776aaee2,202,,13.052239555999677,13.073489113999585,21.249557999908575
262,a401a396-004d-4756-864d-0d7725d1789f,202,,13.100608493999971,13.138404503999936,37.79600999996546
263,2175af05-fce6-4d95-bc28-12076109997b,202,,13.15068848599958,13.175416814999608,24.72832900002686
264,0b122002-5c7a-4dd6-84c6-e8a992c59328,202,,13.200363587999618,13.21834769499992,17.984107000302174
265,22c899c2-2816-458b-88e8-4446e276b77f,202,,13.251232651999999,13.290979698999763,39.74704699976428
266,da2ad580-a24f-43fb-819b-5be89d384c4f,202,,13.30093541799988,13.330249318999904,29.31390100002318
267,e58b22d6-4a78-4da8-aac8-e7ee8f7c0ca4,202,,13.350459861999752,14.675491473999955,1325.0316120002026
268,e80a93b2-07f8-4fed-b7ec-ad77428c64a1,202,,13.401376505999906,14.680455354999594,1279.0788489996885
269,0954536c-6a16-4114-a5b7-95107b0b4dd1,202,,13.466443884,14.750656059999983,1284.2121759999827
270,98450f2b-0b5f-472d-b774-484c07387249,202,,13.515411656999731,14.721868374999758,1206.4567180000267
271,3ca8ff1d-427e-461e-92a2-1a3aa17a860d,202,,13.565434192999874,14.77240570899994,1206.971516000067
272,a462775a-8bd8-428e-af28-af7c53c37fd0,202,,13.602731692999896,14.788093715999821,1185.362022999925
273,f5265b3c-b45a-462a-9a0d-7d05b3a5a13c,202,,13.651072756999838,14.8028444939996,1151.7717369997627
274,e5001bd6-2517-4f66-b12b-9d8cc36940ad,202,,13.70143714599999,14.818511793999733,1117.0746479997433
275,c5d568b2-9836-48c1-9978-b17b6b2fe793,202,,13.751285069000005,14.842855188999692,1091.5701199996874
276,6e194455-d4a8-4847-b990-848ca41c1c58,202,,13.802090802999828,14.85246951299996,1050.3787100001318
277,62159221-6832-408c-9714-7037301a1b5e,202,,13.851249229999667,14.86727495399964,1016.0257239999737
278,b284eb7a-f8d3-4e22-9303-393e80e50006,202,,13.901606160999563,14.876195364999603,974.5892040000399
279,261336ae-b041-430a-bacb-0aaf2fbb1d2e,202,,13.950867496999763,14.880381172999932,929.5136760001697
280,378def48-1f08-496d-9eeb-061fe995b2ce,202,,14.00046343699978,14.8889056109997,888.4421739999198
281,23f67275-afbf-44e5-97f8-86ffce8d138f,202,,14.0521236149998,14.89704486599976,844.9212509999597
282,7c59e27f-9b97-4ba7-ba3e-1658fd624d59,202,,14.100341645999833,14.911104146999605,810.7625009997719
283,3d1d7814-73c0-4eac-a9ca-0fb8c3d40c9e,202,,14.151271454999915,14.915654513999925,764.3830590000107
284,d0404872-de0c-4275-adfc-504271aef3dd,202,,14.201313739999932,14.92553119599961,724.2174559996784
285,dc1f350c-1601-4184-aaf2-8daa9871c1ac,202,,14.251415311999608,14.945405676999599,693.9903649999906
286,16bb029c-f5f9-4d91-a134-b299ec99dbf9,202,,14.301562171999649,14.959385087999635,657.8229159999864
287,61f0630b-e5a8-4ee2-b0b8-d5d58c8333cc,202,,14.351964889999635,14.973362166999777,621.3972770001419
288,45dee35e-eabb-49a2-a141-7ee39c054896,202,,14.404722036999829,14.982039469999563,577.3174329997346
289,bafbbf0b-b599-430d-a9d5-05cc00123889,202,,14.450392691999696,14.99198764699986,541.5949550001642
290,b0d5b728-1122-4393-a461-564d052f8653,202,,14.501855298999999,15.004620146999969,502.7648479999698
291,4e317009-9ecd-4294-9af9-d8fddcea4e17,202,,14.551689137999801,15.017919144999723,466.2300069999219
292,206bd793-d215-495e-87c5-ec8d1b72e662,202,,14.601370236999628,15.022407182999814,421.0369460001857
293,dc7a7a8b-1bd1-47cc-b490-1ec6db8e7dd4,202,,14.650625071999912,15.031646448999709,381.0213769997972
294,5b6be6f3-43df-4503-9e3a-bbee7ebfb709,202,,14.700561362999906,15.050613114999578,350.051751999672
295,f6d5d36e-fc80-4ec3-b748-37bda82d4a38,202,,14.750296208999771,15.057341837999957,307.0456290001857
296,9b039b3e-9b6e-4770-8cf6-8d3fbb308ae5,202,,14.800936952999564,15.062872514999981,261.9355620004171
297,31b7bb4a-5210-4f02-8086-6fc026a02ec7,202,,14.85097223699995,15.069768226999713,218.79598999976224
298,afa42c55-c120-4a6e-bde4-605c40663883,202,,14.901926584999728,15.078304121999736,176.37753700000758
299,6345bb98-26c1-4b0b-a63d-ac38974b52fd,202,,14.952234226999735,15.078409448999992,126.17522200025633
300,bf5094e8-d259-46d3-b61b-543324304980,202,,15.000525833999745,15.079559955999684,79.03412199993909
301,e6c90e69-3474-4360-a91d-c1f5ad5bfa44,202,,15.05064569599972,15.083961623999585,33.31592799986538
302,ca7067d3-2038-4e93-aa5b-9b3e6cfe95da,202,,15.100306004999766,15.117701898999712,17.395893999946566
303,fdda8311-97ff-472b-aec4-d0338aba34b4,202,,15.151674742999603,15.225115107999954,73.44036500035145
304,4b3522c1-c5df-49f2-96b0-72493a57c68a,202,,15.202927112999987,15.238398772999972,35.471659999984695
305,96ca2958-d1bf-4b55-b1d9-53fc218899a9,202,,15.250403647999974,15.262474851999741,12.071203999767022
306,ede5e491-1f0a-46a9-836c-ff34fdc465a2,202,,15.3012355449996,15.324762076999832,23.52653200023269
307,62fa5711-318f-4f83-988f-ecd63f195746,202,,15.35080814999992,15.368918829999984,18.11068000006344
308,feb57adc-bf20-4f56-89a5-c98f3884b6ff,202,,15.402697060999799,15.422281101999943,19.58404100014377
309,4a6e9b7b-9d7a-4449-88a7-dc415760a791,202,,15.450234049999835,15.469861004999984,19.626955000148882
310,83ea8d8b-69bb-48b5-9ea0-b047d56ca4de,202,,15.500302079999983,15.514006509999945,13.704429999961576
311,cf51856f-c3f5-49d2-9715-7f29eb9fb18c,202,,15.550403399999595,15.562319530999957,11.91613100036193
312,cd6c55f7-3209-4188-ae97-c41d9ab99302,202,,15.601303375999578,15.61641992099976,15.116545000182668
313,c68de2ba-916b-442c-b395-4d900fcaa307,202,,15.651761755999814,15.669580246999885,17.818491000070935
314,2cd5537f-6d2b-43d9-a3d6-c2608295bbd4,202,,15.700224558999707,15.723081092999564,22.856533999856765
315,df1e387b-4250-4f33-b26e-3de1bb3a7bee,202,,15.750982127999578,15.823472428999594,72.49030100001619
316,60f93faf-af1e-476f-b8e0-b22328604b00,202,,15.800458155999877,15.84082936699997,40.371211000092444
317,9d915da8-2f23-40ae-b83c-0819b490b219,202,,15.851193933999639,15.870380292999926,19.186359000286757
318,5898773a-c3d0-457e-a739-0fdbe4e2b612,202,,15.900434060999942,15.926322185999652,25.88812499971027
319,c57de533-963a-4fa3-96d3-71c1a910760c,202,,15.95086160899973,15.974830402999942,23.968794000211346
320,a9b92ef9-1c3f-4204-baeb-e561b87fc43a,202,,16.000499042999763,16.026241552999636,25.74250999987271
321,56ef920d-e9dd-48a3-85e2-843c28322a11,202,,16.050522742999874,16.069096267999612,18.573524999737856
322,15c538dc-f5a2-4515-ba8d-dd72b854ae6f,202,,16.100295334999828,16.115222058999734,14.926723999906244
323,9b6b085a-e6f9-4f55-b211-f6023c450968,202,,16.151014072999715,16.17186561399967,20.85154099995634
324,46b874c8-4432-46f6-91ac-0d4f090ffde4,202,,16.200212618999558,16.219903611999598,19.69099300004018
325,a9fcd2e0-02d6-48ac-9038-ae92f1372618,202,,16.250220777999857,16.266069397999672,15.848619999815128
326,d16207c1-c74e-4381-bd92-bf941dd72295,202,,16.30035255299981,16.314830055999664,14.477502999852732
327,28295471-5571-4ec8-9b27-a9ab22be335d,202,,16.35049590999961,16.365401092999946,14.905183000337274
328,68313729-776a-4d94-a6db-fcb69d978f92,202,,16.400888417999795,16.425368302999686,24.47988499989151
329,1df70818-18e0-4e1f-a185-3ebb0e945937,202,,16.45167956599971,16.47351558399987,21.83601800015822
330,07a72787-6aaf-4242-a09a-913c6fe3bc01,202,,16.50024319499971,16.52778525199983,27.542057000118803
331,05c5370f-280e-48c1-b437-5111b757f568,202,,16.550658908999594,16.576619362999736,25.960454000141908
332,bb34c6ac-5452-4550-baeb-f3f9a0c25b6f,202,,16.600366711999868,16.633111259999623,32.744547999755014
333,3eda56d6-25c0-46e5-a187-5a355fc7dede,202,,16.65095758199959,16.672828055999616,21.870474000024842
334,afea70ff-2854-4361-aeb9-16172aecdbb1,202,,16.70039223699996,16.762250987999778,61.85875099981786
335,49520caf-331b-4593-83a1-7858bf4a2ade,202,,16.751068058999863,16.78195131299981,30.883253999945737
336,b4003161-01df-4cc8-9267-572a583914ba,202,,16.801685634999558,16.844827621999684,43.14198700012639
337,cca0ba8d-07b9-493a-96a6-5b623290923f,202,,16.850446208999983,16.90675174399985,56.3055349998649
338,ba9d23b4-3c04-49a7-8564-e015e7981efd,202,,16.902111049999803,16.931952288999582,29.841238999779307
339,f9120b7c-3f68-4350-874b-9f265c780439,202,,16.95042765299968,16.972261544999583,21.833891999904154
340,13a1a782-d715-42fc-aa71-02d4974f28f2,202,,17.000422644999617,17.021307433999937,20.88478900031987
341,2a613a4d-207a-4a1f-be28-19e9c4fe2e34,202,,17.050467092999952,17.075662804999865,25.19571199991333
342,3f5c71ee-a044-4b68-a031-ded6cf0b8f43,202,,17.10093992899965,17.131675149999865,30.73522100021364
343,c1ab0867-8fc6-471f-929c-c1362c11bf3d,202,,17.15070789399988,17.19401274499978,43.304850999902555
344,bde54fd4-b8b9-4eef-a011-6e3133ed547d,202,,17.200327119999656,17.240397307999956,40.07018800029982
345,2e5ed9b7-6392-471b-84be-10066339ea1f,202,,17.250308653999582,17.277449069999875,27.140416000293044
346,4ae6454f-0e5d-4acc-a2d0-e8e79adedb3a,202,,17.30375666699956,17.324833941999714,21.07727500015244
347,b2362f06-4548-4e81-b3ad-c4d725df9adc,202,,17.35280438699965,17.370553714999915,17.74932800026363
348,844bcd14-f6b1-468f-b0d2-e4b5065898fa,202,,17.402978324999822,17.428987398999652,26.009073999830434
349,aec42af4-0803-4c8e-8920-b800e6739806,202,,17.451015361999907,17.50149015499983,50.47479299992119
350,c48a521f-6d4e-4a87-837d-ff8fd2970d8f,202,,17.502775777999886,17.550842437999563,48.06665999967663
351,786c8652-a000-4f1f-8517-db37a7a24e68,202,,17.550393592999626,17.597754965999684,47.36137300005794
352,543b29bb-4126-4e37-b516-2b2e8abb48e6,202,,17.600538781999603,17.621337825999944,20.799044000341382
353,10d90207-acd7-4ebc-806d-bdd9190661d2,202,,17.655712305999714,17.683610380999653,27.898074999939126
354,867c7678-3bef-43e0-b9bb-ca33814149e8,202,,17.70321008699966,17.77370697499964,70.49688799997966
355,00c21fdd-ee53-4aac-af3b-deec9919987f,202,,17.75055012899975,17.793384966999838,42.8348380000898
356,995ed8cb-f736-423c-b102-2d496eece596,202,,17.80042971099965,17.82566533599993,25.23562500027765
357,5f53f04a-6ec3-4f88-9c20-8ac4bba6f9a4,202,,17.85336871599975,17.8691942129999,15.82549700015079
358,d15f60c0-2453-4c8d-8836-949dd9708038,202,,17.903957625999738,17.934515649999867,30.55802400012908
359,370e5694-1e9f-4b8c-9b75-ec545ca0b626,202,,17.952010911999878,17.974418890999914,22.407979000035994
360,40b7134d-5ceb-42db-9f33-069a48f688a4,202,,18.0006771569997,18.027231945999574,26.55478899987429
361,c2cb91da-8fd6-490f-adfd-8013e7a1712f,202,,18.05023917699964,18.065939514999627,15.700337999987823
362,8880db49-943c-4f9d-9026-1dfa3c053e23,202,,18.100243500999568,18.11936436299993,19.12086200036356
363,fc617e77-5341-4824-9a2c-80eac9331fa6,202,,18.150284779999765,18.173824434999915,23.53965500014965
364,147fdc85-57b2-44ed-aaac-dbf6cd797599,202,,18.200891188999776,18.233380918999956,32.48973000017941
365,72b120cf-252b-40e4-a4e7-379f20a85ef2,202,,18.25026971999978,18.268568302999938,18.29858300015985
366,052dccda-b40b-46c5-ab25-a35737e1d6e3,202,,18.30026420999957,18.321498515999792,21.234306000224024
367,6e201ecf-0c1e-4863-bda4-b27fd82e37de,202,,18.350609467999675,18.36900154499972,18.392077000044083
368,ef823482-4fba-415d-a0e5-6bb9015e31b2,202,,18.40117962799968,18.417728119000003,16.54849100032152
369,6af73b2c-6ce8-4fa2-ab5b-8ed72071790c,202,,18.45376536399999,18.466069175999564,12.303811999572645
370,a79a9e17-5588-4c26-8b76-e9ddc08ce285,202,,18.500511942999765,18.515338296999744,14.826353999978892
371,71b10ce7-3ee5-44ae-bb84-99ba9224650b,202,,18.554706363999685,18.571142444999623,16.436080999937985
372,45423a4c-f727-4121-973b-66f6cb12c95e,202,,18.618071011999746,18.80100784699971,182.93683499996405
373,547db24a-c965-4288-a630-f01619cc2730,202,,18.69367939299991,18.796204538999973,102.5251460000618
374,2d06f670-5d52-4328-bc34-22c5431fe749,202,,18.701297598999645,18.797192306999932,95.89470800028721
375,2e69d60e-5e9f-42e0-abe8-de0516615092,202,,18.75102085599974,18.801510437999696,50.48958199995468
376,98bd4458-b057-4dad-8f4c-21729448fc6d,202,,18.80028868599993,18.820390066999607,20.10138099967662
377,e2df4735-a79f-4d75-9952-17a0a2291bf5,202,,18.850629943999593,18.878688299999794,28.058356000201456
378,68c0d6aa-1bc0-46a8-b2f0-ce4fd67940ac,202,,18.901113776999864,18.918996803999562,17.883026999697904
379,dc3fa5a8-c2f5-4660-b50a-9576af29f6c1,202,,18.954888433999713,18.984783458999573,29.895024999859743
380,c5b43f51-1adf-4103-97c2-69e22cf74e17,202,,19.00096059899988,19.064516442999775,63.55584399989311
381,24381d6f-4c02-46bb-82a2-4e9a0d7ed036,202,,19.051323355999557,19.07703582499971,25.71246900015467
382,95825a0e-cac3-428d-b00d-a07bf1efa70b,202,,19.10126789099968,19.122836299999562,21.568408999883104
383,8eb50e09-251f-429d-90c0-03ba6d07084d,202,,19.15026507199991,19.166100233999714,15.83516199980295
384,8e964761-1e79-42d7-ad1f-eba5087b02c4,202,,19.20032055699994,19.25185140299982,51.53084599987778
385,4b6c77ad-715c-465e-b151-ed359f3c3b5b,202,,19.250420621999638,19.27996641999971,29.545798000071954
386,ed786e59-d1ad-4977-98fa-10bb2dc059d4,202,,19.300300076999974,19.323982969999633,23.68289299965909
387,0f50d3d5-56bf-403d-aeaf-661141a53185,202,,19.350693080999918,19.375803004999852,25.109923999934836
388,ad63b6bd-8197-4e47-bef7-f884485e3448,202,,19.40038096399985,19.41662026599988,16.239302000030875
389,31e654de-3bf8-4681-acd0-d1651c466582,202,,19.4534052529998,19.482647320999604,29.242067999803112
390,b34f1a16-9097-4ba6-9aa9-68fdfe75a5e6,202,,19.50279082299994,19.53036016799979,27.56934499984709
391,39fc5cad-623d-4757-80a5-465d8c6e69ec,202,,19.55063399499977,19.56368821599972,13.054220999947574
392,1ec178a2-e6f5-4d88-9755-d205a0d26ac7,202,,19.6017976979997,20.831598760999896,1229.8010630001954
393,7cd700e8-a5bb-43e7-aad2-c2eb1c8dabd2,202,,19.651345090999712,20.965097477999734,1313.7523870000223
394,0d32a7b4-8586-476e-b142-3d76a48c15b9,202,,19.70036072799985,20.990775239999948,1290.4145120000976
395,c60754ce-221e-4bb5-acbd-aec0dc640416,202,,19.752732516999913,21.013088430999687,1260.3559139997742
396,225bd6e8-d7b0-458c-8600-b42bd49f0c2e,202,,19.801032325999586,21.028674567999587,1227.6422420000017
397,2df1924d-7d85-4dc8-9cf9-8453f0694581,202,,19.850469725999574,21.038251434999893,1187.781709000319
398,cb4c8f18-748d-4b6a-88b0-753ff36e73a3,202,,19.900499961999685,21.07920014499996,1178.7001830002737
399,c51dbf73-2481-44b6-9914-cdb180350466,202,,19.95057615399992,21.084231395999723,1133.6552419998043
